architecture_id,accelerator,n_epochs,batch_size,learning_rate,train_size,elapsed_time
cnn,cuda,10,64,0.001,10000,33.703356981277466
mlp,cuda,10,64,0.001,10000,31.140045404434204
cnn,cuda,15,64,0.005,10000,50.316899061203
mlp,cuda,15,64,0.005,10000,46.55635118484497
mlp,cuda,1,64,0.005,100,0.5786275863647461
mlp,cuda,1,64,0.005,100,0.5839512348175049
cnn,cuda,1,64,0.005,100,1.314934015274048
cnn,cuda,1,64,0.005,100,1.2902553081512451
