library,min,median,itr/sec,n_itr,total_time,architecture_id,accelerator,n_epochs,batch_size,learning_rate,train_size
torch, 5.51m, 5.51m,0.003023444977545,1, 5.51m,cnn,cuda,10,64,0.001,10000
mlr3torch, 7.51m, 7.51m,0.00221796605612077,1, 7.51m,cnn,cuda,10,64,0.001,10000
torch, 5.66m, 5.66m,0.00294418572747783,1, 5.66m,mlp,cuda,10,64,0.001,10000
mlr3torch, 5.58m, 5.58m,0.00298662808327845,1, 5.58m,mlp,cuda,10,64,0.001,10000
torch, 8.54m, 8.54m,0.00195149390898167,1, 8.54m,cnn,cuda,15,64,0.005,10000
mlr3torch,11.23m,11.23m,0.0014845814919019,1,11.23m,cnn,cuda,15,64,0.005,10000
torch, 8.65m, 8.65m,0.0019271768226835559,1, 8.65m,mlp,cuda,15,64,0.005,10000
mlr3torch, 8.04m, 8.04m,0.0020722955883338235,1, 8.04m,mlp,cuda,15,64,0.005,10000
