library,min,median,itr/sec,n_itr,total_time,architecture_id,accelerator,n_epochs,batch_size,learning_rate,train_size
torch,5.51m,5.51m,0.003023444977545,1,5.51m,cnn,cuda,10,64,0.001,10000
mlr3torch,7.51m,7.51m,0.00221796605612077,1,7.51m,cnn,cuda,10,64,0.001,10000
torch,5.66m,5.66m,0.0029441857274778325,1,5.66m,mlp,cuda,10,64,0.001,10000
mlr3torch,5.58m,5.58m,0.002986628083278459,1,5.58m,mlp,cuda,10,64,0.001,10000
